Link,Title,Detail
https://www.saramin.co.kr/zf_user/jobs/relay/view?isMypage=no&rec_idx=45155751,[마케팅] 웹디자인/UI디자인 담당,경기성남시분당구경력2년↑학력무관정규직
https://www.saramin.co.kr/zf_user/jobs/relay/view?isMypage=no&rec_idx=44989225,[교육 플랫폼] Java 개발자,서울강남구경력2~20년학력무관정규직
https://www.saramin.co.kr/zf_user/jobs/relay/view?isMypage=no&rec_idx=45275736,(주)먹깨비 개발부문 경력직 채용 - [React/JAVA/iOS/Android],"경기성남시분당구경력고졸↑정규직3,500만원"
https://www.saramin.co.kr/zf_user/jobs/relay/view?isMypage=no&rec_idx=45284662,[신입/경력] 스마트팩토리 솔루션 Web Front/Back-End 개발,경기수원시영통구경력무관학력무관정규직
https://www.saramin.co.kr/zf_user/jobs/relay/view?isMypage=no&rec_idx=45357254,[BITNAMU] 퀀트 B2C 웹 서비스 개발자 채용 (경력무관/신입가능),서울강남구경력무관학력무관정규직
https://www.saramin.co.kr/zf_user/jobs/relay/view?isMypage=no&rec_idx=45276681,웹 프론트엔드 개발자  Frontend Developer 찾아요,서울동대문구경력무관학력무관정규직
https://www.saramin.co.kr/zf_user/jobs/relay/view?isMypage=no&rec_idx=45324576,[정규직] Flutter 개발자 신입/경력,대구수성구경력학력무관정규직
https://www.saramin.co.kr/zf_user/jobs/relay/view?isMypage=no&rec_idx=45312728,[신사업 투입] 웹 개발자(풀스택),서울성동구신입·경력대졸↑정규직
https://www.saramin.co.kr/zf_user/jobs/relay/view?isMypage=no&rec_idx=45368234,Web  개발자 신입/경력직 모집,"경기용인시수지구신입·경력학력무관정규직·계약직3,000(면접후협의)"
https://www.saramin.co.kr/zf_user/jobs/relay/view?isMypage=no&rec_idx=45358904,Flutter  개발자 신입/경력직 모집,"경기용인시수지구신입·경력학력무관정규직·계약직4,000만원"
https://www.saramin.co.kr/zf_user/jobs/relay/view?isMypage=no&rec_idx=45251266,ASHK - 백엔드 개발자 채용,대전서구신입·경력학력무관정규직
https://www.saramin.co.kr/zf_user/jobs/relay/view?isMypage=no&rec_idx=45289260,웹 개발자(프론트엔드/백엔드),서울전체경력3~5년대졸↑정규직
https://www.saramin.co.kr/zf_user/jobs/relay/view?isMypage=no&rec_idx=45322221,[포포몬] 플랫폼 백엔드 개발자&팀리더,"부산해운대구경력3년↑학력무관정규직·계약직4,000만원"
https://www.saramin.co.kr/zf_user/jobs/relay/view?isMypage=no&rec_idx=45189777,스타트업 정규직 개발팀 신입 사원 모집,"서울강남구신입초대졸↑정규직3,000(면접후협의)"
https://www.saramin.co.kr/zf_user/jobs/relay/view?isMypage=no&rec_idx=45309202,백엔드개발/프런트엔드개발/웹디자인 프리랜서 모집(경력),대전서구경력2~20년학력무관프리랜서
https://www.saramin.co.kr/zf_user/jobs/relay/view?isMypage=no&rec_idx=45353488,백엔드 개발자 경력 채용(정규직&계약직),서울금천구경력1년↑고졸↑정규직·계약직
https://www.saramin.co.kr/zf_user/jobs/relay/view?isMypage=no&rec_idx=45092025,프론트엔드 개발 경력자 모집,부산남구경력무관대졸↑정규직
https://www.saramin.co.kr/zf_user/jobs/relay/view?isMypage=no&rec_idx=45207053,퀀트 트레이더/개발자 모집,서울전체경력1~15년대졸↑정규직
https://www.saramin.co.kr/zf_user/jobs/relay/view?isMypage=no&rec_idx=45326744,개발팀 웹 개발 신입 및 경력직 직원 채용,서울성동구신입·경력학력무관정규직
https://www.saramin.co.kr/zf_user/jobs/relay/view?isMypage=no&rec_idx=45155804,[마케팅] 영상 컨텐츠 제작 담당,경기성남시분당구경력학력무관정규직
https://www.saramin.co.kr/zf_user/jobs/relay/view?isMypage=no&rec_idx=45255556,"백엔드(Java spring,Springboot,Spring framework) 개발자 채용",서울송파구경력1년↑학력무관정규직
https://www.saramin.co.kr/zf_user/jobs/relay/view?isMypage=no&rec_idx=45329843,스타트기업 백엔드개발(병역특례) 구함(굿커리어),서울강남구신입석사↑정규직
https://www.saramin.co.kr/zf_user/jobs/relay/view?isMypage=no&rec_idx=45050081,[클리크소프트] 프론트엔드 개발 채용,경기성남시분당구신입학력무관정규직
https://www.saramin.co.kr/zf_user/jobs/relay/view?isMypage=no&rec_idx=45206876,함께 성장할 프론트엔드 개발자를 모집합니다.,경기고양시일산서구경력무관대졸↑정규직
https://www.saramin.co.kr/zf_user/jobs/relay/view?isMypage=no&rec_idx=45241002,중개 판매 플랫폼 웹 개발자를 모집합니다,대구남구경력무관학력무관정규직
https://www.saramin.co.kr/zf_user/jobs/relay/view?isMypage=no&rec_idx=45384699,코나아이㈜ 개발직군 경력사원 대규모 채용,서울영등포구경력학력무관정규직
https://www.saramin.co.kr/zf_user/jobs/relay/view?isMypage=no&rec_idx=45313763,2023년 Flutter/프론트엔드/백엔드 정규직 채용 - 경력(2년이상),광주서구경력2년↑학력무관정규직
https://www.saramin.co.kr/zf_user/jobs/relay/view?isMypage=no&rec_idx=45355583,APP/WEB 개발자 신입·경력직 채용,"강원춘천시신입·경력학력무관정규직3,000(면접후협의)"
https://www.saramin.co.kr/zf_user/jobs/relay/view?isMypage=no&rec_idx=45039983,[대구] 회사와 함께 성장할 백엔드 개발자 채용합니다,대구동구경력무관학력무관정규직
https://www.saramin.co.kr/zf_user/jobs/relay/view?isMypage=no&rec_idx=45381209,웹 디자이너 채용,광주광산구경력무관학력무관정규직·계약직
https://www.saramin.co.kr/zf_user/jobs/relay/view?isMypage=no&rec_idx=45207082,함께 성장할 소프트웨어/웹 백엔드 개발자를 모집합니다.,경기고양시일산서구경력무관대졸↑정규직
https://www.saramin.co.kr/zf_user/jobs/relay/view?isMypage=no&rec_idx=45050668,[HypeDream]프로그래머/기획/QA/아티스트 모집,서울강남구신입·경력학력무관정규직
https://www.saramin.co.kr/zf_user/jobs/relay/view?isMypage=no&rec_idx=44767602,[협업툴 플로우] 엔터프라이즈 개발자 모집중,서울전체신입·경력대졸↑정규직
https://www.saramin.co.kr/zf_user/jobs/relay/view?isMypage=no&rec_idx=45209891,[신입·경력] Front-end 개발자 채용(내일채움공제가능),서울송파구신입·경력대졸↑정규직
https://www.saramin.co.kr/zf_user/jobs/relay/view?isMypage=no&rec_idx=45251818,백엔드 개발자 모집합니다,서울강남구경력무관학력무관정규직·계약직
https://www.saramin.co.kr/zf_user/jobs/relay/view?isMypage=no&rec_idx=45352824,(주)세이프모션 소프트웨어 개발자 모집,"광주북구신입·경력대졸↑정규직4,200만원"
https://www.saramin.co.kr/zf_user/jobs/relay/view?isMypage=no&rec_idx=41780003,[뉴링크] 프론트엔드 개발자 (신입),서울전체신입·경력학력무관정규직
https://www.saramin.co.kr/zf_user/jobs/relay/view?isMypage=no&rec_idx=45271458,Backend 개발자 모집 (신입),"대전서구신입학력무관정규직3,000(면접후협의)"
https://www.saramin.co.kr/zf_user/jobs/relay/view?isMypage=no&rec_idx=45181412,DW/DM 구축 및 비지니스 분석 담당자 모집,경기성남시분당구경력3년↑대졸↑정규직
https://www.saramin.co.kr/zf_user/jobs/relay/view?isMypage=no&rec_idx=45365985,"PHP개발자 및 React개발자, Frontend Developer분야 채용",부산연제구경력1년↑학력무관계약직
https://www.saramin.co.kr/zf_user/jobs/relay/view?isMypage=no&rec_idx=45260870,[골프 IT 서비스 기업] 그린잇 골프 예약 서비스 백엔드 개발자,서울용산구경력3년↑학력무관정규직
https://www.saramin.co.kr/zf_user/jobs/relay/view?isMypage=no&rec_idx=45282580,[서울형 강소기업 엠브레이스] Front/Back-end 경력 개발자 채용,서울구로구경력2~5년고졸↑정규직
https://www.saramin.co.kr/zf_user/jobs/relay/view?isMypage=no&rec_idx=45264067,[펄어비스] 웹 개발자 모집 - 백엔드 (경력),경기과천시신입·경력학력무관정규직
https://www.saramin.co.kr/zf_user/jobs/relay/view?isMypage=no&rec_idx=45363010,인프라개발팀 백엔드 개발자 채용,경기성남시분당구경력3년↑학력무관
https://www.saramin.co.kr/zf_user/jobs/relay/view?isMypage=no&rec_idx=45324351,[야나두(플랫폼)] 프론트엔드 개발 경력직 채용,서울강남구경력7년↑대졸↑정규직
https://www.saramin.co.kr/zf_user/jobs/relay/view?isMypage=no&rec_idx=45008058,웹개발자 구인 공고,대전서구경력무관초대졸↑정규직
https://www.saramin.co.kr/zf_user/jobs/relay/view?isMypage=no&rec_idx=45216166,신입/경력 웹개발자 채용,서울강남구경력무관학력무관정규직
https://www.saramin.co.kr/zf_user/jobs/relay/view?isMypage=no&rec_idx=45206286,"[TENDOM] 백앤드 개발자(Python, Django)",서울마포구경력무관고졸↑정규직
https://www.saramin.co.kr/zf_user/jobs/relay/view?isMypage=no&rec_idx=45129582,"[신입/경력]웹 개발 채용-Go,Kotlin,React.js 면접비지원",서울영등포구경력무관대졸↑정규직·계약직
https://www.saramin.co.kr/zf_user/jobs/relay/view?isMypage=no&rec_idx=45292713,"IT개발·데이터(웹개발, 블록체인) 채용","경북구미시경력무관학력무관정규직·계약직4,000만원"
https://www.saramin.co.kr/zf_user/jobs/relay/view?isMypage=no&rec_idx=45203828,[TNH] 백엔드 개발자,경기전체신입·경력대졸↑정규직
https://www.saramin.co.kr/zf_user/jobs/relay/view?isMypage=no&rec_idx=45381366,[(주)그린잇] 서버 개발자 채용 (백엔드 경력 5년 이상),서울종로구경력5년↑학력무관정규직
https://www.saramin.co.kr/zf_user/jobs/relay/view?isMypage=no&rec_idx=45220270,프론트엔드 개발자 채용,서울전체경력1~15년학력무관정규직
https://www.saramin.co.kr/zf_user/jobs/relay/view?isMypage=no&rec_idx=45293422,[면접비 지급] IT개발·플랫폼 개발자 채용,경북구미시경력무관학력무관정규직·계약직
https://www.saramin.co.kr/zf_user/jobs/relay/view?isMypage=no&rec_idx=45314237,Who's the next Washswat Engineer?,서울서초구경력무관학력무관정규직
https://www.saramin.co.kr/zf_user/jobs/relay/view?isMypage=no&rec_idx=42392606,"백엔드 개발자, 백엔드엔지니어",서울전체신입·경력대졸↑정규직
https://www.saramin.co.kr/zf_user/jobs/relay/view?isMypage=no&rec_idx=45235502,[스마트팜 1위 기업 NEXTON] (SW/HW) 개발팀 인재채용,서울서초구경력5년↑대졸↑정규직
https://www.saramin.co.kr/zf_user/jobs/relay/view?isMypage=no&rec_idx=45006096,블록체인 게임 플랫폼 백엔드 개발자,경기전체신입·경력학력무관정규직
https://www.saramin.co.kr/zf_user/jobs/relay/view?isMypage=no&rec_idx=45369229,[로지소프트] Front-end Developer,서울강남구경력4년↑학력무관정규직
https://www.saramin.co.kr/zf_user/jobs/relay/view?isMypage=no&rec_idx=45326151,기업부설연구소 개발자 채용(신입/ 경력),서울강남구경력무관대졸↑정규직
https://www.saramin.co.kr/zf_user/jobs/relay/view?isMypage=no&rec_idx=45374020,inDJ 백앤드 개발 담당자(선임/책임급),광주동구경력3~19년대졸↑정규직·계약직
https://www.saramin.co.kr/zf_user/jobs/relay/view?isMypage=no&rec_idx=45025777,온보더즈 백엔드 개발 팀원 채용(원격근무),서울은평구경력무관학력무관정규직
https://www.saramin.co.kr/zf_user/jobs/relay/view?isMypage=no&rec_idx=45300654,2023년 DK BMC  IT서비스 팀원 모집,서울강남구신입·경력초대졸↑정규직
https://www.saramin.co.kr/zf_user/jobs/relay/view?isMypage=no&rec_idx=45271690,WEB(Front-end/Back-end) 개발자 신입 및 경력 모집,서울영등포구경력무관학력무관정규직
https://www.saramin.co.kr/zf_user/jobs/relay/view?isMypage=no&rec_idx=45300797,2023년 상반기 디케이비엠시 CRM 솔루션 개발자 모집,서울강남구신입초대졸↑정규직
https://www.saramin.co.kr/zf_user/jobs/relay/view?isMypage=no&rec_idx=45263719,"[콴텍,AI자동투자]Core System 개발자를 모집합니다.",서울영등포구경력무관학력무관정규직
https://www.saramin.co.kr/zf_user/jobs/relay/view?isMypage=no&rec_idx=45048514,알고리고에서 백엔드 개발자를 모십니다,서울강남구신입·경력대졸↑정규직
https://www.saramin.co.kr/zf_user/jobs/relay/view?isMypage=no&rec_idx=45046119,웹개발자(경력) 채용합니다.,서울강남구경력학력무관정규직
https://www.saramin.co.kr/zf_user/jobs/relay/view?isMypage=no&rec_idx=45103372,아정 강남 LAB 웹 프론트엔드 개발자 주니어 ~ 시니어 채용,"서울강남구경력1년↑대졸↑정규직20,000만원"
https://www.saramin.co.kr/zf_user/jobs/relay/view?isMypage=no&rec_idx=45184716,"백엔드 부문 개발자 채용(연봉 5,000~7,000/병역특례가능)",서울전체경력2~10년초대졸↑정규직
https://www.saramin.co.kr/zf_user/jobs/relay/view?isMypage=no&rec_idx=45306021,"INNOVATION-T 개발자 경력사원 채용 공고 서울,대전","서울강남구경력1~10년학력무관정규직7,000만원"
https://www.saramin.co.kr/zf_user/jobs/relay/view?isMypage=no&rec_idx=44931813,[PROBIT거래소] 2023년 상반기 각 부문별 개발자 대규모 채용,서울강남구경력2~10년초대졸↑정규직
https://www.saramin.co.kr/zf_user/jobs/relay/view?isMypage=no&rec_idx=45176335,Back End 개발자 모집,서울성동구경력무관초대졸↑정규직
https://www.saramin.co.kr/zf_user/jobs/relay/view?isMypage=no&rec_idx=45300854,2023년 상반기 DX컨설팅팀 신입사원 모집,서울강남구신입대졸↑정규직
https://www.saramin.co.kr/zf_user/jobs/relay/view?isMypage=no&rec_idx=45331150,아정 강남 LAB 웹 백엔드 개발자 주니어 ~ 시니어 대규모 채용,"서울강남구경력3년↑대졸↑정규직20,000만원"
https://www.saramin.co.kr/zf_user/jobs/relay/view?isMypage=no&rec_idx=45265074,2023 IT개발·데이터( CTO / 백엔드 / 프론트엔드 부문) 채용,경기오산시신입·경력학력무관정규직·계약직
https://www.saramin.co.kr/zf_user/jobs/relay/view?isMypage=no&rec_idx=45027614,소프트웨어 백엔드 개발자 모집합니다.,"경남창원시경력무관학력무관정규직3,648만원"
https://www.saramin.co.kr/zf_user/jobs/relay/view?isMypage=no&rec_idx=45186591,아정 LAB 웹 퍼블리셔 (플랫폼 및 커뮤니티) 스타트어 경력채용,"서울강남구경력3년↑대졸↑정규직4,000만원"
https://www.saramin.co.kr/zf_user/jobs/relay/view?isMypage=no&rec_idx=45362397,[로지스팟] 소프트웨어 개발 엔지니어 채용,서울서초구경력2~8년학력무관정규직
https://www.saramin.co.kr/zf_user/jobs/relay/view?isMypage=no&rec_idx=45249968,"PHP, 라라벨, Node  웹개발자 채용(신입/경력)",서울송파구신입·경력초대졸↑정규직
https://www.saramin.co.kr/zf_user/jobs/relay/view?isMypage=no&rec_idx=45282368,2023년 웹개발자 모집 - 신입/경력,서울강남구경력무관초대졸↑정규직
https://www.saramin.co.kr/zf_user/jobs/relay/view?isMypage=no&rec_idx=45251179,웹 개발자 신입/경력 채용,서울전체신입·경력학력무관정규직
https://www.saramin.co.kr/zf_user/jobs/relay/view?isMypage=no&rec_idx=45383766,빅데이터 플랫폼 웹Back-end(백엔드/JAVA) 신입/경력직 채용,서울강남구신입·경력학력무관정규직
https://www.saramin.co.kr/zf_user/jobs/relay/view?isMypage=no&rec_idx=45213189,"[쿠팡] Staff, Front-end Engineer",서울강남구경력8년↑학력무관정규직
https://www.saramin.co.kr/zf_user/jobs/relay/view?isMypage=no&rec_idx=45366449,모블디 웹개발 스마트한 경력자 채용,"서울강남구경력대졸↑정규직4,000만원"
https://www.saramin.co.kr/zf_user/jobs/relay/view?isMypage=no&rec_idx=45326543,[계약직] 웹/앱 FullStack 개발자로 성장할 신입사원 채용,서울강남구경력무관학력무관계약직
https://www.saramin.co.kr/zf_user/jobs/relay/view?isMypage=no&rec_idx=45381205,웹 개발자 채용,광주광산구경력무관학력무관정규직·계약직
https://www.saramin.co.kr/zf_user/jobs/relay/view?isMypage=no&rec_idx=45163657,함께 성장해나갈 개발자를 찾고 있어요,서울서초구신입·경력학력무관정규직
https://www.saramin.co.kr/zf_user/jobs/relay/view?isMypage=no&rec_idx=45022976,[영상공장] 2023년 상반기 UI/UX디자인 / 퍼블리셔 / 프론트엔드,서울강서구경력무관학력무관정규직
https://www.saramin.co.kr/zf_user/jobs/relay/view?isMypage=no&rec_idx=45312664,슈잉과 함께 폭풍 성장할 개발자 팀원 추가모집,부산부산진구경력무관학력무관정규직
https://www.saramin.co.kr/zf_user/jobs/relay/view?isMypage=no&rec_idx=45175710,공간정보기술(주) 연구팀 웹 개발자 채용,경기성남시분당구신입·경력대졸↑정규직
https://www.saramin.co.kr/zf_user/jobs/relay/view?isMypage=no&rec_idx=45245501,"AWS 기술 전문가(AWS SA,PreSales,Data,Game,Security 등) 채용",서울강남구경력학력무관정규직
https://www.saramin.co.kr/zf_user/jobs/relay/view?isMypage=no&rec_idx=45324484,"프론트엔드 개발자를 채용합니다. (신입, 경력)",부산연제구경력무관학력무관정규직
https://www.saramin.co.kr/zf_user/jobs/relay/view?isMypage=no&rec_idx=45342429,[LG그룹] 비즈테크아이 개발혁신센터 대규모 IT인재 채용,서울마포구경력2년↑학력무관정규직·계약직
https://www.saramin.co.kr/zf_user/jobs/relay/view?isMypage=no&rec_idx=45251334,이커머스 백엔드 개발자 채용,서울강남구경력3~10년학력무관정규직
https://www.saramin.co.kr/zf_user/jobs/relay/view?isMypage=no&rec_idx=45308249,한일네트웍스 컨택센터 솔루션 분야 개발자 채용/경력,서울마포구경력4년↑초대졸↑정규직·계약직
https://www.saramin.co.kr/zf_user/jobs/relay/view?isMypage=no&rec_idx=45260738,[골프 IT 서비스 기업] 그린잇 시니어 개발자 채용 (프론트엔드),서울용산구경력5년↑학력무관정규직
https://www.saramin.co.kr/zf_user/jobs/relay/view?isMypage=no&rec_idx=45207417,2023 엔젤로보틱스 전문연구요원 채용,서울성동구신입·경력고졸↑정규직·전문연구요원
https://www.saramin.co.kr/zf_user/jobs/relay/view?isMypage=no&rec_idx=45291595,인공지능 개발자 신입 및 경력직 채용,대전유성구경력무관대졸↑정규직
https://www.saramin.co.kr/zf_user/jobs/relay/view?isMypage=no&rec_idx=45362827,블록체인 프론트엔드 백엔드 스마트 컨트랙트 채용,서울영등포구경력1~14년학력무관정규직
https://www.saramin.co.kr/zf_user/jobs/relay/view?isMypage=no&rec_idx=45085587,백엔드개발자 신입/경력직 채용,서울송파구경력무관대졸↑정규직
https://www.saramin.co.kr/zf_user/jobs/relay/view?isMypage=no&rec_idx=45262711,[과천] 웹 개발자 (신입 및 경력) 모집 -병역특례 보충역 가능,경기과천시신입·경력초대졸↑정규직·계약직
https://www.saramin.co.kr/zf_user/jobs/relay/view?isMypage=no&rec_idx=45243296,크로스플랫폼 개발자 채용,서울영등포구경력무관초대졸↑정규직
https://www.saramin.co.kr/zf_user/jobs/relay/view?isMypage=no&rec_idx=45341659,[위메프서비스] 검색/리스팅 서비스 주니어 백엔드 개발자,서울강남구경력무관학력무관정규직
https://www.saramin.co.kr/zf_user/jobs/relay/view?isMypage=no&rec_idx=45254250,[경력] 백엔드 개발자 동료 모집,서울성동구경력2년↑대졸↑정규직
https://www.saramin.co.kr/zf_user/jobs/relay/view?isMypage=no&rec_idx=45356986,[한국공교육원] 백엔드 개발자 채용,서울송파구경력1년↑학력무관정규직
https://www.saramin.co.kr/zf_user/jobs/relay/view?isMypage=no&rec_idx=45300407,[판교] 프론트엔드 개발자,경기성남시분당구경력2년↑대졸↑정규직
https://www.saramin.co.kr/zf_user/jobs/relay/view?isMypage=no&rec_idx=45377377,블록체인 플랫폼 개발자 모집,서울강남구경력무관학력무관정규직
https://www.saramin.co.kr/zf_user/jobs/relay/view?isMypage=no&rec_idx=45156370,주식회사 이음 개발팀 프론트엔드 웹개발자 공개 채용,부산해운대구경력2년↑학력무관정규직
https://www.saramin.co.kr/zf_user/jobs/relay/view?isMypage=no&rec_idx=45149868,Cloud Cost Analyst Core IT Infra CcoE System team,유럽네덜란드경력2년↑대졸↑
https://www.saramin.co.kr/zf_user/jobs/relay/view?isMypage=no&rec_idx=45263424,iPECS Cloud 시스템 소프트웨어 개발자 채용(신입/경력),서울금천구신입·경력대졸↑정규직
https://www.saramin.co.kr/zf_user/jobs/relay/view?isMypage=no&rec_idx=45306416,WebRTC UC Frontend Developer 경력직 채용,서울금천구신입·경력대졸↑정규직
https://www.saramin.co.kr/zf_user/jobs/relay/view?isMypage=no&rec_idx=45311738,WebRTC UC Backend Developer 채용(신입/경력),서울금천구신입·경력대졸↑정규직
https://www.saramin.co.kr/zf_user/jobs/relay/view?isMypage=no&rec_idx=45341525,(주)드림텍 웹 프론트엔드 개발직(경력) 모집,충남아산시경력4~10년학력무관정규직
https://www.saramin.co.kr/zf_user/jobs/relay/view?isMypage=no&rec_idx=45171779,Senior ML Engineer,미국텍사스주경력3년↑대졸↑정규직
https://www.saramin.co.kr/zf_user/jobs/relay/view?isMypage=no&rec_idx=45183022,IT전략본부 경력직 개발자 채용공고,서울강남구경력초대졸↑정규직
https://www.saramin.co.kr/zf_user/jobs/relay/view?isMypage=no&rec_idx=45147703,주문/고객센터 Backend 개발 분야 모집,서울중구경력학력무관정규직
https://www.saramin.co.kr/zf_user/jobs/relay/view?isMypage=no&rec_idx=45360880,모바일 개발 경력자 정규직 채용,서울서초구경력3~10년초대졸↑정규직
https://www.saramin.co.kr/zf_user/jobs/relay/view?isMypage=no&rec_idx=45167212,검색서비스 Backend 개발 분야 모집,서울중구경력3년↑학력무관정규직
https://www.saramin.co.kr/zf_user/jobs/relay/view?isMypage=no&rec_idx=45168442,검색서비스 개발 분야 모집,서울중구경력학력무관정규직
https://www.saramin.co.kr/zf_user/jobs/relay/view?isMypage=no&rec_idx=45302149,"typescript, nodejs, graphQL, MySQL 개발자 모집",서울서초구경력무관대졸↑정규직
https://www.saramin.co.kr/zf_user/jobs/relay/view?isMypage=no&rec_idx=44947692,㈜FSN 카울리 - Nodejs 웹 개발 (주35시간 근무제),서울강남구경력5년↑초대졸↑정규직
https://www.saramin.co.kr/zf_user/jobs/relay/view?isMypage=no&rec_idx=45196263,[맥스피아]JAVA 운영 웹개발자채용합니다[Node.js],서울구로구경력무관학력무관정규직
https://www.saramin.co.kr/zf_user/jobs/relay/view?isMypage=no&rec_idx=45353775,"웹개발 채용[수시] JavaScript, Node.js, MS-SQL, MYSQL",서울금천구경력무관학력무관정규직
https://www.saramin.co.kr/zf_user/jobs/relay/view?isMypage=no&rec_idx=45059975,[신입/경력] 웹개발/앱개발/Android/iOS/Javascript/node.js,"부산해운대구경력무관대졸↑정규직3,980만원"
https://www.saramin.co.kr/zf_user/jobs/relay/view?isMypage=no&rec_idx=45186327,Node.js 백엔드 개발자 채용,서울마포구경력1~5년학력무관정규직
https://www.saramin.co.kr/zf_user/jobs/relay/view?isMypage=no&rec_idx=45210973,상점파트 Back-end Engineer (Node.JS),서울전체경력3~10년학력무관정규직
https://www.saramin.co.kr/zf_user/jobs/relay/view?isMypage=no&rec_idx=45017794,"[블록스미스] nodejs 프론트, 백엔드 개발자 O명",서울강남구경력무관학력무관정규직·기간제
https://www.saramin.co.kr/zf_user/jobs/relay/view?isMypage=no&rec_idx=45065754,프론트엔드/Node.js/Angular/Git 채용 (경력),"서울강서구경력4년↑학력무관정규직5,000만원"
https://www.saramin.co.kr/zf_user/jobs/relay/view?isMypage=no&rec_idx=44038475,[병역특례] 백엔드 개발(Node.js) 산업기능요원 모집,서울전체신입·경력학력무관정규직
https://www.saramin.co.kr/zf_user/jobs/relay/view?isMypage=no&rec_idx=44806769,Java/Node.js 헬스케어서비스 개발 경력자 채용,서울강남구경력3~10년초대졸↑정규직
https://www.saramin.co.kr/zf_user/jobs/relay/view?isMypage=no&rec_idx=45209254,[바다플랫폼] 웹 개발 프론트엔드/Node.js 채용공고,부산남구경력무관대졸↑정규직
https://www.saramin.co.kr/zf_user/jobs/relay/view?isMypage=no&rec_idx=42100336,"Node.js 백엔드 개발자, IoT플랫폼 개발자",경기전체신입·경력대졸↑정규직
https://www.saramin.co.kr/zf_user/jobs/relay/view?isMypage=no&rec_idx=45008089,[토스페이먼츠] Node.js Developer,서울강남구경력학력무관정규직
https://www.saramin.co.kr/zf_user/jobs/relay/view?isMypage=no&rec_idx=45170270,"(주)노타이틀 백엔드 Java, Node.js 외 정규직 채용",대전서구경력무관학력무관정규직
https://www.saramin.co.kr/zf_user/jobs/relay/view?isMypage=no&rec_idx=42801875,"Javascript, Node.js 기반 웹 프론트엔드 개발자",서울전체경력2~12년초대졸↑정규직
https://www.saramin.co.kr/zf_user/jobs/relay/view?isMypage=no&rec_idx=44659561,Java/Node.js 백엔드 개발 경력자 채용,서울강남구경력5~10년초대졸↑정규직
https://www.saramin.co.kr/zf_user/jobs/relay/view?isMypage=no&rec_idx=45159229,[NFT 플랫폼] Back-End 개발자 채용 - Node.js / Nest.js,서울송파구신입·경력학력무관정규직
https://www.saramin.co.kr/zf_user/jobs/relay/view?isMypage=no&rec_idx=45348622,PHP / nodejs 웹개발자 채용 공고,서울강남구경력학력무관정규직
https://www.saramin.co.kr/zf_user/jobs/relay/view?isMypage=no&rec_idx=45206974,Node.js Back-End 개발자 경력 채용,서울강남구경력2년↑학력무관정규직
https://www.saramin.co.kr/zf_user/jobs/relay/view?isMypage=no&rec_idx=44574175,Node.JS 백엔드 엔지니어,서울전체경력3~10년학력무관정규직
https://www.saramin.co.kr/zf_user/jobs/relay/view?isMypage=no&rec_idx=45131457,[윙잇] Node.js 백엔드 개발자(4년 이상),서울전체경력4~11년학력무관정규직
https://www.saramin.co.kr/zf_user/jobs/relay/view?isMypage=no&rec_idx=45347109,백엔드 경력 모집(node.js),서울마포구경력무관학력무관정규직
https://www.saramin.co.kr/zf_user/jobs/relay/view?isMypage=no&rec_idx=45342632,"[주거 구독 플랫폼] 백엔드 개발자(Node,js, Express, Nest.JS)",서울마포구경력5년↑고졸↑정규직·무기계약직
https://www.saramin.co.kr/zf_user/jobs/relay/view?isMypage=no&rec_idx=45207699,[팬마음] Node.js Back-End 개발자 병역특례 보충역 모집,서울강남구경력무관학력무관산업기능요원·보충역
https://www.saramin.co.kr/zf_user/jobs/relay/view?isMypage=no&rec_idx=45119694,웹개발 경력직 모집(React/node.js),경기성남시분당구경력초대졸↑정규직
https://www.saramin.co.kr/zf_user/jobs/relay/view?isMypage=no&rec_idx=42632343,Node.js (NestJS) 개발자,서울전체경력1~10년학력무관정규직
https://www.saramin.co.kr/zf_user/jobs/relay/view?isMypage=no&rec_idx=45180905,Node.js 개발자 모집(Backend)(병역특례전문연구요원 석사이상/졸업예정),서울전체경력4~8년석사↑정규직
https://www.saramin.co.kr/zf_user/jobs/relay/view?isMypage=no&rec_idx=42123184,"Backend Developer(Node.js, 2년 이상, 보충역 지원 가능)",서울전체경력2~5년학력무관정규직
https://www.saramin.co.kr/zf_user/jobs/relay/view?isMypage=no&rec_idx=45025946,"[라벤투르]IT개발(PHP, JAVA, Node.js 등) 백엔드 개발자 채용",서울강남구경력무관학력무관정규직
https://www.saramin.co.kr/zf_user/jobs/relay/view?isMypage=no&rec_idx=45286099,백엔드 경력개발자를 모집합니다. / node js. DB restAPI,경기하남시경력1년↑초대졸↑정규직
https://www.saramin.co.kr/zf_user/jobs/relay/view?isMypage=no&rec_idx=44737447,백엔드 에이전트 개발자(Node.js),서울전체경력3~12년학력무관정규직
https://www.saramin.co.kr/zf_user/jobs/relay/view?isMypage=no&rec_idx=43765272,node.js 웹게임 개발 경력자,서울전체경력4~10년학력무관정규직
https://www.saramin.co.kr/zf_user/jobs/relay/view?isMypage=no&rec_idx=45238424,[윙잇] Node.js 백엔드 개발자,서울강남구경력4~12년대졸↑정규직
https://www.saramin.co.kr/zf_user/jobs/relay/view?isMypage=no&rec_idx=45334576,아파트멘터리(주) 서버/백엔드(Node.js) 개발자 채용,서울강남구경력3~8년대졸↑정규직
https://www.saramin.co.kr/zf_user/jobs/relay/view?isMypage=no&rec_idx=45309018,블록체인 플랫폼 백엔드 엔지니어 (Node.js/경력) 정규직 모집,서울성동구경력3~7년학력무관정규직
https://www.saramin.co.kr/zf_user/jobs/relay/view?isMypage=no&rec_idx=45156452,Node.js 정규직 모집 공고(경력사원),"경기용인시기흥구경력초대졸↑정규직3,500만원"
https://www.saramin.co.kr/zf_user/jobs/relay/view?isMypage=no&rec_idx=45316138,"웹(PHP, Node.js, Vue.js) 개발자 채용",서울강남구경력1~3년학력무관정규직
https://www.saramin.co.kr/zf_user/jobs/relay/view?isMypage=no&rec_idx=45353313,"[IT,강소기업] 영상모니터링SW 웹개발자 (Node.js)",서울구로구경력3년↑대졸↑정규직
https://www.saramin.co.kr/zf_user/jobs/relay/view?isMypage=no&rec_idx=44202158,[웨이브릿지] Back End(Node.js) 개발자,서울중구경력3~10년학력무관정규직
https://www.saramin.co.kr/zf_user/jobs/relay/view?isMypage=no&rec_idx=45150488,개발 및 운영 경력 채용( Java React BackEnd FrontEnd QA ),서울송파구경력2년↑학력무관정규직
https://www.saramin.co.kr/zf_user/jobs/relay/view?isMypage=no&rec_idx=45167807,온보더즈 백엔드 개발 팀원 채용,서울은평구경력무관학력무관정규직
https://www.saramin.co.kr/zf_user/jobs/relay/view?isMypage=no&rec_idx=45119486,웹/앱 백엔드 개발자 모집 - 병역특례 가능,서울강남구경력무관학력무관정규직·계약직
https://www.saramin.co.kr/zf_user/jobs/relay/view?isMypage=no&rec_idx=44868041,Backend (경력 및 신입 / 전문연구요원 가능),서울전체신입·경력대졸↑정규직
https://www.saramin.co.kr/zf_user/jobs/relay/view?isMypage=no&rec_idx=45119393,"모바일게임 클라이언트, 서버 개발자 모집 - 병역특례 가능",서울강남구경력무관학력무관정규직·계약직
https://www.saramin.co.kr/zf_user/jobs/relay/view?isMypage=no&rec_idx=45128200,백엔드 개발자 (신입),인천전체신입·경력대졸↑정규직
https://www.saramin.co.kr/zf_user/jobs/relay/view?isMypage=no&rec_idx=45032133,[맥스폼] React Native앱 개발자채용,서울강서구경력무관학력무관정규직
https://www.saramin.co.kr/zf_user/jobs/relay/view?isMypage=no&rec_idx=45337804,[GS리테일] 어바웃펫 -CTO 채용,서울강남구경력학력무관정규직
https://www.saramin.co.kr/zf_user/jobs/relay/view?isMypage=no&rec_idx=45225644,[경기/안산/시흥/인천] 국비지원 교육연수생 모집(취업연수안내),경기안산시단원구신입·경력고졸↑교육생
https://www.saramin.co.kr/zf_user/jobs/relay/view?isMypage=no&rec_idx=45274359,크로플과 함께 할 Flutter 개발자님 모십니다. (경력/신입),서울성동구경력무관학력무관정규직
https://www.saramin.co.kr/zf_user/jobs/relay/view?isMypage=no&rec_idx=45040577,"백엔드 개발자 (신입, 경력) 채용",인천연수구신입·경력학력무관정규직·전문연구요원
https://www.saramin.co.kr/zf_user/jobs/relay/view?isMypage=no&rec_idx=44984372,순천IT 프론트1명 백앤트1명 풀스택1명 모집,"전남순천시신입대졸↑정규직3,500만원"
https://www.saramin.co.kr/zf_user/jobs/relay/view?isMypage=no&rec_idx=45316001,백엔드 및 데이터베이스 개발자 채용,경기광명시경력무관학력무관정규직
https://www.saramin.co.kr/zf_user/jobs/relay/view?isMypage=no&rec_idx=45158881,웹 프론트엔드 개발자,경기성남시분당구경력3년↑학력무관
https://www.saramin.co.kr/zf_user/jobs/relay/view?isMypage=no&rec_idx=45157762,"보안점검(모의해킹), 취약점점검 전문가 (시니어급)",경기성남시분당구경력10년↑학력무관정규직
https://www.saramin.co.kr/zf_user/jobs/relay/view?isMypage=no&rec_idx=45157163,[카라멜라] Frontend 개발자 채용 공고,광주동구경력무관학력무관정규직
https://www.saramin.co.kr/zf_user/jobs/relay/view?isMypage=no&rec_idx=45376618,"웹, 앱 풀스택 개발자 모집",울산울주군경력2년↑학력무관계약직·인턴직
https://www.saramin.co.kr/zf_user/jobs/relay/view?isMypage=no&rec_idx=45255692,[판교근무ㅣ물류플랫폼] C#응용프로그램 개발 경력부문 채용,경기성남시분당구경력1~8년대졸↑정규직
https://www.saramin.co.kr/zf_user/jobs/relay/view?isMypage=no&rec_idx=45173922,기술개발본부 소프트웨어개발 인력 채용(신입/경력),경기성남시분당구경력무관대졸↑정규직
https://www.saramin.co.kr/zf_user/jobs/relay/view?isMypage=no&rec_idx=45368048,[블루프로그] 서버 개발자(신입) 채용공고,"인천연수구경력무관대졸↑정규직4,200만원"
https://www.saramin.co.kr/zf_user/jobs/relay/view?isMypage=no&rec_idx=45157651,SRE,서울강남구경력1년↑학력무관정규직
https://www.saramin.co.kr/zf_user/jobs/relay/view?isMypage=no&rec_idx=45198271,[대전] 프론트엔드 / 백엔드 개발자 모집,대전서구경력학력무관정규직·계약직
https://www.saramin.co.kr/zf_user/jobs/relay/view?isMypage=no&rec_idx=45383165,법무법인(유한) 대륜 개발팀 웹/앱 디자이너,부산해운대구경력1~10년대졸↑정규직
https://www.saramin.co.kr/zf_user/jobs/relay/view?isMypage=no&rec_idx=45119497,블록체인 개발 프론트·백앤드 정규직 채용 공고,서울강남구신입·경력학력무관정규직
https://www.saramin.co.kr/zf_user/jobs/relay/view?isMypage=no&rec_idx=45157585,데이터 분석가(BI Analyst),서울강남구경력3년↑학력무관정규직
https://www.saramin.co.kr/zf_user/jobs/relay/view?isMypage=no&rec_idx=45343155,라이브 홀덤 게임 개발,서울강남구경력2~10년대졸↑정규직
https://www.saramin.co.kr/zf_user/jobs/relay/view?isMypage=no&rec_idx=45270663,법무법인(유한) 대륜 백엔드 개발자/DevOps 엔지니어 모집,부산해운대구경력1~10년대졸↑정규직
https://www.saramin.co.kr/zf_user/jobs/relay/view?isMypage=no&rec_idx=45384804,[착한의사] 개발팀(팀장급),서울강남구경력6~15년학력무관정규직
https://www.saramin.co.kr/zf_user/jobs/relay/view?isMypage=no&rec_idx=45320980,법무법인(유한) 대륜 개발팀 경력 기획자 모집(부산),부산해운대구경력1~10년대졸↑정규직
https://www.saramin.co.kr/zf_user/jobs/relay/view?isMypage=no&rec_idx=45355402,[비블록] 가상자산거래소 개발팀 신입/경력 정규직 채용,서울강남구경력무관학력무관정규직
https://www.saramin.co.kr/zf_user/jobs/relay/view?isMypage=no&rec_idx=45270066,제주도를 함께 들썩이게 할 풀스택 개발자분을 모십니다.,제주제주시경력무관학력무관정규직·계약직
https://www.saramin.co.kr/zf_user/jobs/relay/view?isMypage=no&rec_idx=42303412,백엔드 개발자,대전전체신입·경력학력무관정규직
https://www.saramin.co.kr/zf_user/jobs/relay/view?isMypage=no&rec_idx=45232706,Back-End 채용,서울광진구신입·경력학력무관정규직
https://www.saramin.co.kr/zf_user/jobs/relay/view?isMypage=no&rec_idx=45377591,젊고 트렌디한 IT회사에서 AI/빅데이터 개발자를 모집합니다.,서울광진구경력1년↑대졸↑정규직
https://www.saramin.co.kr/zf_user/jobs/relay/view?isMypage=no&rec_idx=45324615,[프로젝트문] 서버 소프트웨어 엔지니어(경력),경기수원시영통구경력2년↑대졸↑정규직
https://www.saramin.co.kr/zf_user/jobs/relay/view?isMypage=no&rec_idx=45346017,[헥스콘] 2022년 하반기 UX/UI 디자이너 영입(경력/신입),경남창원시신입·경력학력무관정규직
https://www.saramin.co.kr/zf_user/jobs/relay/view?isMypage=no&rec_idx=45183460,"WEB 개발 - 백엔드 , 웹 그래픽 엔지니어",서울마포구경력무관학력무관정규직
https://www.saramin.co.kr/zf_user/jobs/relay/view?isMypage=no&rec_idx=45160038,(주) 알엠소프트 클라우드 아키텍쳐 모집,서울송파구경력무관학력무관정규직·계약직
https://www.saramin.co.kr/zf_user/jobs/relay/view?isMypage=no&rec_idx=45307603,백엔드 개발자(주니어급),서울강남구경력2~3년학력무관정규직
https://www.saramin.co.kr/zf_user/jobs/relay/view?isMypage=no&rec_idx=45340326,[푸드헬스케어 플랫폼] 풀스택 개발자,서울관악구경력2~10년고졸↑정규직
https://www.saramin.co.kr/zf_user/jobs/relay/view?isMypage=no&rec_idx=45263768,클라우드엔지니어/서비스 보안/IT인프라/클라우드 운영관리,서울금천구신입·경력초대졸↑정규직
https://www.saramin.co.kr/zf_user/jobs/relay/view?isMypage=no&rec_idx=45260868,계명대학교 동산의료원 2023년 4월 계약직원 상시 공개채용,대구달서구경력무관고졸↑기간제·계약직
https://www.saramin.co.kr/zf_user/jobs/relay/view?isMypage=no&rec_idx=45045369,"웹개발자 (C#, Java) 신입 / 경력 정규직 채용 (서울 본사 상주)",서울성동구경력1~12년초대졸↑정규직
https://www.saramin.co.kr/zf_user/jobs/relay/view?isMypage=no&rec_idx=45358507,R&D 웹개발자 채용(근무지/강남),서울강남구경력1~5년학력무관정규직
https://www.saramin.co.kr/zf_user/jobs/relay/view?isMypage=no&rec_idx=45147363,[29CM] 그로스 마케터,서울성동구경력1~5년학력무관정규직
https://www.saramin.co.kr/zf_user/jobs/relay/view?isMypage=no&rec_idx=45217721,[(주)투비소프트] 사업총괄본부 응용개발 부문 채용(신입/경력),서울강남구신입·경력초대졸↑정규직
https://www.saramin.co.kr/zf_user/jobs/relay/view?isMypage=no&rec_idx=45298567,Product Development(design/Frontend/Backend)채용,서울강남구경력무관학력무관정규직
https://www.saramin.co.kr/zf_user/jobs/relay/view?isMypage=no&rec_idx=45324299,[엔드림/정직원] 백엔드(Back-End) 개발자 모집,서울송파구경력무관학력무관정규직
https://www.saramin.co.kr/zf_user/jobs/relay/view?isMypage=no&rec_idx=45171373,"[020플랫폼] 서버/인프라, 백엔드 개발, 어플리케이션 개발자 모집",서울서초구신입·경력학력무관정규직
https://www.saramin.co.kr/zf_user/jobs/relay/view?isMypage=no&rec_idx=45361554,시스템 엔지니어,서울강서구경력2~10년초대졸↑정규직
https://www.saramin.co.kr/zf_user/jobs/relay/view?isMypage=no&rec_idx=45370805,"(신입/경력) 웹/앱 개발자(PHP JSP SQL, Flutter)",부산강서구신입·경력대졸↑정규직
https://www.saramin.co.kr/zf_user/jobs/relay/view?isMypage=no&rec_idx=45303983,JAVA/WEB 개발자 경력사원 채용,서울구로구경력초대졸↑정규직
https://www.saramin.co.kr/zf_user/jobs/relay/view?isMypage=no&rec_idx=45372128,웹기반 소프트웨어  개발,부산동구경력3년↑학력무관정규직
https://www.saramin.co.kr/zf_user/jobs/relay/view?isMypage=no&rec_idx=45326321,"[신입/경력]네트워크/정보보안엔지니어,정보기획,품질관리,S/W개발,영업지원,경영지원 모집",서울성동구신입·경력학력무관정규직
https://www.saramin.co.kr/zf_user/jobs/relay/view?isMypage=no&rec_idx=44935045,Web Application 개발 (신입/경력) 모집,서울영등포구경력무관초대졸↑정규직
https://www.saramin.co.kr/zf_user/jobs/relay/view?isMypage=no&rec_idx=45349136,웹 프론트엔드 개발자,경기전체경력1~5년대졸↑정규직
https://www.saramin.co.kr/zf_user/jobs/relay/view?isMypage=no&rec_idx=45335110,시스템 엔지니어 신입 및 경력 모집,서울강남구신입·경력초대졸↑정규직
https://www.saramin.co.kr/zf_user/jobs/relay/view?isMypage=no&rec_idx=45268731,"(주)스쿨버스 백엔드(Node) 개발자, 클라(Flutter) 개발자 채용",서울마포구경력무관학력무관정규직
https://www.saramin.co.kr/zf_user/jobs/relay/view?isMypage=no&rec_idx=45178939,(주)라톤테크 JAVA 개발자 모집(신입/경력),서울금천구경력무관대졸↑정규직
https://www.saramin.co.kr/zf_user/jobs/relay/view?isMypage=no&rec_idx=45377164,프론트엔드 개발자,경기전체경력1~5년학력무관정규직
https://www.saramin.co.kr/zf_user/jobs/relay/view?isMypage=no&rec_idx=45220703,[퀄리티아] 신입 및 경력직 자바 java 웹 개발자 모집,서울강남구경력무관초대졸↑정규직
https://www.saramin.co.kr/zf_user/jobs/relay/view?isMypage=no&rec_idx=45105631,[기후테크] 백엔드 개발자 (신입/경력),서울전체신입·경력학력무관정규직
https://www.saramin.co.kr/zf_user/jobs/relay/view?isMypage=no&rec_idx=45104342,[허브디앤씨][지사] 웹/앱 프론트/백엔드 개발 채용,서울강서구신입·경력학력무관정규직·인턴직
https://www.saramin.co.kr/zf_user/jobs/relay/view?isMypage=no&rec_idx=45372920,[자이언트스텝] 서버 프로그래머 채용합니다.,서울강남구경력무관학력무관정규직
https://www.saramin.co.kr/zf_user/jobs/relay/view?isMypage=no&rec_idx=45359655,개발팀 I React 프론트엔드,서울서초구경력무관학력무관정규직
https://www.saramin.co.kr/zf_user/jobs/relay/view?isMypage=no&rec_idx=44499732,웹개발자 채용,서울전체신입·경력대졸↑정규직
https://www.saramin.co.kr/zf_user/jobs/relay/view?isMypage=no&rec_idx=45377809,"웹 프로그래머, 웹 디자이너 경력직  채용 (정규직&프리)",부산부산진구경력2년↑초대졸↑정규직·프리랜서
https://www.saramin.co.kr/zf_user/jobs/relay/view?isMypage=no&rec_idx=45169179,2023 지니언스㈜ 상반기 공개 채용,경기안양시신입·경력학력무관정규직
https://www.saramin.co.kr/zf_user/jobs/relay/view?isMypage=no&rec_idx=45149540,[인턴십] Machine Learning Engineer - Robot Manipulation,경기성남시분당구신입학력무관인턴직
https://www.saramin.co.kr/zf_user/jobs/relay/view?isMypage=no&rec_idx=45377529,"개발자,기획자가 대우받는회사/2023사옥이전/플랫폼 기획팀/",서울중구신입·경력고졸↑정규직
https://www.saramin.co.kr/zf_user/jobs/relay/view?isMypage=no&rec_idx=45285575,[경력] Java Web 설계.분석.개발자-매출 1조 신화 중심이 되실분,서울금천구경력3~20년학력무관정규직·기간제
https://www.saramin.co.kr/zf_user/jobs/relay/view?isMypage=no&rec_idx=45375670,풀 스택 웹 개발 포지션  [신입] 모집,서울송파구신입초대졸↑정규직
https://www.saramin.co.kr/zf_user/jobs/relay/view?isMypage=no&rec_idx=44765610,"Staff, Video Live Streaming Engineer (Coupang Play)",서울전체경력10~20년대졸↑정규직
https://www.saramin.co.kr/zf_user/jobs/relay/view?isMypage=no&rec_idx=45304572,각부문 경력채용-JAVA/.NET/PM/영업/SW품질/인프라/전문연구요원,서울강서구경력무관초대졸↑정규직·전문연구요원
https://www.saramin.co.kr/zf_user/jobs/relay/view?isMypage=no&rec_idx=45179301,"Manager, IT Internal Audit",미국캘리포니아주경력5년↑고졸↑
https://www.saramin.co.kr/zf_user/jobs/relay/view?isMypage=no&rec_idx=45148197,[경력] Database 관리 경력사원 모집,서울마포구경력3년↑대졸↑정규직·계약직
https://www.saramin.co.kr/zf_user/jobs/relay/view?isMypage=no&rec_idx=45197127,전 직무 채용 [마케팅/영업지원/물류자동화/개발/품질/회로설계/사업기획],경기성남시분당구신입·경력초대졸↑정규직
https://www.saramin.co.kr/zf_user/jobs/relay/view?isMypage=no&rec_idx=44763921,"Sr. Manager, Back-end engineering (Coupang Play)",서울전체경력7~15년대졸↑정규직
https://www.saramin.co.kr/zf_user/jobs/relay/view?isMypage=no&rec_idx=45046909,웹프론트엔드 및 백엔드 정규직 개발자 채용,부산해운대구신입·경력학력무관정규직
https://www.saramin.co.kr/zf_user/jobs/relay/view?isMypage=no&rec_idx=44997485,"[허브디앤씨]기획, UI/UX디자인, 웹/앱 개발 채용",서울강남구신입·경력학력무관정규직·인턴직
https://www.saramin.co.kr/zf_user/jobs/relay/view?isMypage=no&rec_idx=45155588,[윙잇] 전 직군 최대규모 채용 - Spring,서울강남구경력무관학력무관정규직·계약직
https://www.saramin.co.kr/zf_user/jobs/relay/view?isMypage=no&rec_idx=45293703,Flutter Front-end 개발자,서울전체신입·경력학력무관정규직
https://www.saramin.co.kr/zf_user/jobs/relay/view?isMypage=no&rec_idx=45375320,[정규직] 게임서버 개발자 채용,서울구로구신입·경력학력무관정규직
https://www.saramin.co.kr/zf_user/jobs/relay/view?isMypage=no&rec_idx=45380022,[야나두] 백엔드 개발 경력직 채용,서울강남구경력5년↑대졸↑정규직
https://www.saramin.co.kr/zf_user/jobs/relay/view?isMypage=no&rec_idx=45278862,[MUSMA] IT 스타트업 BE 경력직 개발자 채용공고(부산근무),부산수영구경력2년↑학력무관정규직
https://www.saramin.co.kr/zf_user/jobs/relay/view?isMypage=no&rec_idx=45203926,[부산] Back-end 개발자,부산전체신입·경력대졸↑정규직
https://www.saramin.co.kr/zf_user/jobs/relay/view?isMypage=no&rec_idx=45371003,[물류플랫폼 개발] IT인프라 및 Cloud시스템 운영관리부문 채용,경기화성시경력1~8년대졸↑정규직
https://www.saramin.co.kr/zf_user/jobs/relay/view?isMypage=no&rec_idx=45361821,[카카오 계열사] STAGE FIVE '백엔드 주니어' 채용 (3년 이상),서울송파구경력3년↑학력무관정규직
https://www.saramin.co.kr/zf_user/jobs/relay/view?isMypage=no&rec_idx=45350623,(주) 시그마체인 BE 개발팀 각 부분 신입/경력직 채용,대구동구경력무관학력무관정규직
https://www.saramin.co.kr/zf_user/jobs/relay/view?isMypage=no&rec_idx=45359973,[스타일셀러] 백앤드 개발자 모집,서울서초구경력2년↑학력무관정규직
https://www.saramin.co.kr/zf_user/jobs/relay/view?isMypage=no&rec_idx=45381305,[병역특례 보충역] 백엔드 개발자를 구해요 :),서울서초구경력무관학력무관정규직·계약직
https://www.saramin.co.kr/zf_user/jobs/relay/view?isMypage=no&rec_idx=45216735,2023년 기술연구소 개발자(신입/경력) 모집,"부산동구신입·경력대졸↑정규직3,800만원"
https://www.saramin.co.kr/zf_user/jobs/relay/view?isMypage=no&rec_idx=45264416,웹개발자 (JAVA) 정규직 신입 모집,서울금천구경력무관초대졸↑정규직
https://www.saramin.co.kr/zf_user/jobs/relay/view?isMypage=no&rec_idx=45349422,(주)앰진 IT 기술개발 프론트엔드 신입·경력 채용공고,서울송파구신입·경력대졸↑정규직
https://www.saramin.co.kr/zf_user/jobs/relay/view?isMypage=no&rec_idx=45306038,이노베이션티(주)  웹 개발자 신입사원 모집 공고,대전서구경력무관학력무관정규직·계약직
https://www.saramin.co.kr/zf_user/jobs/relay/view?isMypage=no&rec_idx=45381150,"[MD, PHP, JAVA, 웹디자인] 신입/경력 채용",서울금천구신입·경력초대졸↑정규직
https://www.saramin.co.kr/zf_user/jobs/relay/view?isMypage=no&rec_idx=45240432,"[노르마]각 부문별 개발자 채용(연봉 5,000~7,000/병역특례가능)",서울성동구신입·경력대졸↑정규직
https://www.saramin.co.kr/zf_user/jobs/relay/view?isMypage=no&rec_idx=45365655,백엔드 개발자 (3년이하),서울마포구경력1~3년학력무관정규직
https://www.saramin.co.kr/zf_user/jobs/relay/view?isMypage=no&rec_idx=45320977,웹퍼블리셔 채용(신입/경력),서울강서구신입·경력학력무관정규직
https://www.saramin.co.kr/zf_user/jobs/relay/view?isMypage=no&rec_idx=45370689,[딥브레인AI]  Back-End 개발자 채용 (병특가능),서울강남구경력무관학력무관정규직
https://www.saramin.co.kr/zf_user/jobs/relay/view?isMypage=no&rec_idx=45294826,함께하실 웹개발자를 모십니다. - 창원본사 / 부산(센텀)지사 -,부산해운대구경력무관학력무관정규직
https://www.saramin.co.kr/zf_user/jobs/relay/view?isMypage=no&rec_idx=45269221,[플라이빗 가상자산거래소 (FLYBIT)] 각 부문별 신입/경력 직원채용,서울강남구신입·경력학력무관정규직
https://www.saramin.co.kr/zf_user/jobs/relay/view?isMypage=no&rec_idx=45263381,"여행 IT 개발자(JAVA, Spring) 정규직 채용",서울성동구신입·경력초대졸↑정규직
https://www.saramin.co.kr/zf_user/jobs/relay/view?isMypage=no&rec_idx=39659240,[국비지원 취업] 자바 웹개발/빅데이터/웹디자인/영상/건축,서울전체신입·경력학력무관교육생
https://www.saramin.co.kr/zf_user/jobs/relay/view?isMypage=no&rec_idx=45380907,2023 상반기 (주)소다시스템 채용(DB/개발자/디자이너),대전유성구경력무관학력무관정규직
https://www.saramin.co.kr/zf_user/jobs/relay/view?isMypage=no&rec_idx=45376547,퍼블리셔 / 디자인 / 기획 부문 채용,경기하남시경력무관대졸↑정규직
https://www.saramin.co.kr/zf_user/jobs/relay/view?isMypage=no&rec_idx=45264882,㈜버블콘 2023 상반기 각 부문 신입/경력 채용,서울구로구경력3년↑초대졸↑정규직
https://www.saramin.co.kr/zf_user/jobs/relay/view?isMypage=no&rec_idx=45336727,웹 및 앱 개발자 인재 영입,서울강남구신입·경력초대졸↑정규직
https://www.saramin.co.kr/zf_user/jobs/relay/view?isMypage=no&rec_idx=45354258,백엔드 개발자,경기전체신입·경력학력무관정규직
https://www.saramin.co.kr/zf_user/jobs/relay/view?isMypage=no&rec_idx=45317712,[신입/경력] 웹 개발 엔지니어 채용,서울서초구신입·경력초대졸↑정규직
https://www.saramin.co.kr/zf_user/jobs/relay/view?isMypage=no&rec_idx=45342125,SW개발자(웹개발) 경력무관 모집,서울강남구경력무관학력무관정규직
https://www.saramin.co.kr/zf_user/jobs/relay/view?isMypage=no&rec_idx=45068695,[패스오더] 급성장중인 스타트업 '데브옵스 엔지니어' 채용,서울전체신입·경력학력무관정규직·계약직
https://www.saramin.co.kr/zf_user/jobs/relay/view?isMypage=no&rec_idx=45370686,[딥브레인AI] Front-End 개발자 채용 (병특가능),서울강남구경력무관학력무관정규직
https://www.saramin.co.kr/zf_user/jobs/relay/view?isMypage=no&rec_idx=45348080,"자사 강의 플랫폼 웹사이트 유지보수(web, java, php)",서울성동구신입·경력대졸↑정규직
https://www.saramin.co.kr/zf_user/jobs/relay/view?isMypage=no&rec_idx=45346608,메타버스 서비스 백엔드/서버 개발자 모집,서울서초구신입·경력학력무관정규직
https://www.saramin.co.kr/zf_user/jobs/relay/view?isMypage=no&rec_idx=45303655,웹 개발 경력사원 채용,서울구로구경력대졸↑정규직
https://www.saramin.co.kr/zf_user/jobs/relay/view?isMypage=no&rec_idx=44962843,웹 프론트엔드 / 백엔드 신입 개발자 모집,서울중구경력무관초대졸↑정규직
https://www.saramin.co.kr/zf_user/jobs/relay/view?isMypage=no&rec_idx=45364610,(주)잇뷰 웹/앱 개발 정규직 모집합니다. [유연출퇴근제],대전유성구경력2~5년대졸↑정규직
https://www.saramin.co.kr/zf_user/jobs/relay/view?isMypage=no&rec_idx=45230338,JAVA 웹/SI 개발부문 경력사원 채용,서울송파구경력대졸↑프리랜서
https://www.saramin.co.kr/zf_user/jobs/relay/view?isMypage=no&rec_idx=41780047,[뉴링크] 백엔드 ( 신입 ),서울전체신입·경력학력무관정규직
https://www.saramin.co.kr/zf_user/jobs/relay/view?isMypage=no&rec_idx=42893777,사이버 위협 분석 (신입/경력),서울전체신입·경력학력무관정규직
https://www.saramin.co.kr/zf_user/jobs/relay/view?isMypage=no&rec_idx=45376608,JAVA 웹 개발자 정규직 채용 (경력 2년 이상),서울영등포구경력2년↑학력무관정규직
https://www.saramin.co.kr/zf_user/jobs/relay/view?isMypage=no&rec_idx=45321863,AI플랫폼 부문 초중급 개발자 모집,경기성남시분당구경력3년↑학력무관정규직
https://www.saramin.co.kr/zf_user/jobs/relay/view?isMypage=no&rec_idx=44193711,[비즈하우스] 프론트엔드 개발자,서울전체경력4~9년대졸↑정규직
https://www.saramin.co.kr/zf_user/jobs/relay/view?isMypage=no&rec_idx=44905051,웹프론트엔드 및 백엔드 개발자 신입/경력 채용,경기전체신입·경력대졸↑정규직
https://www.saramin.co.kr/zf_user/jobs/relay/view?isMypage=no&rec_idx=45349146,"블록체인 기반 백엔드/웹서비스, Smart Contract 개발자",경기전체경력1~10년대졸↑정규직
https://www.saramin.co.kr/zf_user/jobs/relay/view?isMypage=no&rec_idx=45170578,[채용] C# S/W 개발자 or Python 응용 S/W 개발,서울금천구경력무관초대졸↑정규직
https://www.saramin.co.kr/zf_user/jobs/relay/view?isMypage=no&rec_idx=45362498,[재능그룹] JEI 재능이아카데미 개발자 채용공고(IT지원팀),서울종로구경력2년↑대졸↑정규직
https://www.saramin.co.kr/zf_user/jobs/relay/view?isMypage=no&rec_idx=45329538,"금융 IT 컨설팅 or 솔루션 개발 (빅데이터, CRM, PFM)",서울강남구경력5년↑학력무관정규직
https://www.saramin.co.kr/zf_user/jobs/relay/view?isMypage=no&rec_idx=45101660,AI 스마트팜 부문 개발자 모집,경기성남시분당구경력무관학력무관정규직
https://www.saramin.co.kr/zf_user/jobs/relay/view?isMypage=no&rec_idx=45192190,[카카오자회사] 디케이테크인 Application Architect 채용,경기성남시분당구경력5년↑학력무관정규직
https://www.saramin.co.kr/zf_user/jobs/relay/view?isMypage=no&rec_idx=45287770,"IOT 플랫폼 개발자 및 웹 개발자 채용(JAVA, Vuejs)",경기성남시분당구경력무관고졸↑정규직
https://www.saramin.co.kr/zf_user/jobs/relay/view?isMypage=no&rec_idx=45362000,웹 백 앤드 개발 경력직 채용,서울강동구경력2년↑초대졸↑정규직
https://www.saramin.co.kr/zf_user/jobs/relay/view?isMypage=no&rec_idx=44999033,"[경력/신입] 빅데이터 시스템/웹 개발-Python,Java(정규직) 채용",대전유성구신입·경력초대졸↑정규직
https://www.saramin.co.kr/zf_user/jobs/relay/view?isMypage=no&rec_idx=45119382,버디캐디(주) - 서비스기획 및 개발직군 모집 (경력),서울서초구경력5~10년학력무관정규직
https://www.saramin.co.kr/zf_user/jobs/relay/view?isMypage=no&rec_idx=42526184,Backend 개발자,서울전체경력7~20년학력무관정규직
https://www.saramin.co.kr/zf_user/jobs/relay/view?isMypage=no&rec_idx=45161761,가비아CNS IT 솔루션(개발) 채용연계형 인턴 모집,경기성남시분당구신입대졸↑인턴직
https://www.saramin.co.kr/zf_user/jobs/relay/view?isMypage=no&rec_idx=45197531,DSO (PM/Frontend/Backend/AA 등) 채용,서울강남구경력무관학력무관정규직
https://www.saramin.co.kr/zf_user/jobs/relay/view?isMypage=no&rec_idx=45298089,[SE] IT솔루션 시스템 엔지니어 (신입/경력) 모집,서울송파구경력무관학력무관정규직
https://www.saramin.co.kr/zf_user/jobs/relay/view?isMypage=no&rec_idx=45298516,Hybrid&AI Platform Cloud (개발/Elastic/Sales/DevOps) 채용,서울강남구경력무관학력무관정규직
https://www.saramin.co.kr/zf_user/jobs/relay/view?isMypage=no&rec_idx=45099537,"태성에스엔아이 기술개발팀 개발자 모집(앱, 서버, 웹)",서울강남구경력2년↑학력무관정규직·계약직
https://www.saramin.co.kr/zf_user/jobs/relay/view?isMypage=no&rec_idx=45239144,"[정규직] 웹 소프트웨어(SW) 개발자(신입, 경력)",대전유성구경력무관대졸↑정규직
https://www.saramin.co.kr/zf_user/jobs/relay/view?isMypage=no&rec_idx=45320789,[주4.5일 근무] B2C Web/App 서비스 기획자 인재채용,서울구로구경력2년↑학력무관정규직
https://www.saramin.co.kr/zf_user/jobs/relay/view?isMypage=no&rec_idx=45068745,[패스오더] 급성장중인 스타트업 'QA 엔지니어' 채용,서울강남구경력3~10년학력무관정규직·계약직
https://www.saramin.co.kr/zf_user/jobs/relay/view?isMypage=no&rec_idx=44758302,[MUSMA] 백엔드 개발자 채용공고(부산근무),부산전체경력2~10년학력무관정규직
https://www.saramin.co.kr/zf_user/jobs/relay/view?isMypage=no&rec_idx=45372386,디지털 플랫폼 백엔드 개발자 채용 (경력 2년 이상),인천미추홀구경력2년↑학력무관정규직
https://www.saramin.co.kr/zf_user/jobs/relay/view?isMypage=no&rec_idx=45068612,[패스오더] 급성장중인 스타트업 'Back-End 개발자' 채용,서울강남구경력3~10년학력무관정규직·계약직
https://www.saramin.co.kr/zf_user/jobs/relay/view?isMypage=no&rec_idx=45354466,[이즈파크]MES(스마트팩토리) 기술개발 경력직 채용,서울금천구경력4년↑초대졸↑정규직
https://www.saramin.co.kr/zf_user/jobs/relay/view?isMypage=no&rec_idx=45171382,AWS Managed Service (Enterprise Cloud Engineer) 채용,서울강남구경력무관학력무관정규직
https://www.saramin.co.kr/zf_user/jobs/relay/view?isMypage=no&rec_idx=45254067,[경력] 프론트엔드 개발자 동료 모집,서울성동구경력2년↑대졸↑정규직
https://www.saramin.co.kr/zf_user/jobs/relay/view?isMypage=no&rec_idx=45168257,부산 본사 - [포코팡 시리즈] 서버 프로그래머 경력직 모집,부산해운대구경력1년↑학력무관정규직·현역
https://www.saramin.co.kr/zf_user/jobs/relay/view?isMypage=no&rec_idx=45220230,"소프트웨어 개발자 모집(Java, Android, C#.NET, PHP, C++)",일본도쿄신입학력무관정규직·해외취업
https://www.saramin.co.kr/zf_user/jobs/relay/view?isMypage=no&rec_idx=45015091,[신입/경력]인사이드정보 개발자 모집,서울강남구경력무관대졸↑정규직
https://www.saramin.co.kr/zf_user/jobs/relay/view?isMypage=no&rec_idx=45303645,[시원스쿨] 웹개발자(PHP) 채용,서울영등포구경력무관학력무관정규직
https://www.saramin.co.kr/zf_user/jobs/relay/view?isMypage=no&rec_idx=45151216,벡앤드/프론트 풀스택 개발자 채용공고,"서울마포구경력6년↑대졸↑정규직8,000만원"
https://www.saramin.co.kr/zf_user/jobs/relay/view?isMypage=no&rec_idx=45191576,풀스택 개발자,경기성남시분당구신입·경력초대졸↑정규직
https://www.saramin.co.kr/zf_user/jobs/relay/view?isMypage=no&rec_idx=45376946,프론트엔드 개발자 채용,경기성남시분당구경력1~5년학력무관정규직
https://www.saramin.co.kr/zf_user/jobs/relay/view?isMypage=no&rec_idx=45151709,REACT · PHP · PYTHON 개발자 채용,서울영등포구경력3년↑초대졸↑정규직
https://www.saramin.co.kr/zf_user/jobs/relay/view?isMypage=no&rec_idx=45334536,응용 S/W 엔지니어 모집,경기전체신입·경력초대졸↑정규직
https://www.saramin.co.kr/zf_user/jobs/relay/view?isMypage=no&rec_idx=45385939,관리팀 전산담당 경력 정규직 채용,충남아산시경력4년↑초대졸↑정규직
https://www.saramin.co.kr/zf_user/jobs/relay/view?isMypage=no&rec_idx=45206799,[덴티움] 풀스택 S/W개발자 모집,경기수원시영통구신입·경력대졸↑정규직
https://www.saramin.co.kr/zf_user/jobs/relay/view?isMypage=no&rec_idx=45148164,검색관리도구 Engineer 모집,서울중구경력학력무관정규직
https://www.saramin.co.kr/zf_user/jobs/relay/view?isMypage=no&rec_idx=45303873,[중견/자율출근/코스피상장] 플랫폼 프론트엔드 개발자 채용,서울성동구경력9~15년대졸↑정규직
https://www.saramin.co.kr/zf_user/jobs/relay/view?isMypage=no&rec_idx=45147298,야구서비스 플랫폼 백엔드 개발자 모집,경기성남시분당구경력5년↑학력무관
https://www.saramin.co.kr/zf_user/jobs/relay/view?isMypage=no&rec_idx=45147887,리테일/WMS Backend 개발 분야 모집,서울중구경력3년↑학력무관정규직
https://www.saramin.co.kr/zf_user/jobs/relay/view?isMypage=no&rec_idx=45205895,웹 풀스택 개발자 채용공고,서울강서구경력3~10년초대졸↑정규직
https://www.saramin.co.kr/zf_user/jobs/relay/view?isMypage=no&rec_idx=45302877,[아산] 노리시스템 시스템 운영자 모집,충남아산시경력무관초대졸↑정규직
https://www.saramin.co.kr/zf_user/jobs/relay/view?isMypage=no&rec_idx=45171879,Automation Engineer [Black Budget],유럽네덜란드경력무관학력무관정규직
https://www.saramin.co.kr/zf_user/jobs/relay/view?isMypage=no&rec_idx=45217146,[(주)투비소프트] 연구소 제품개발 부문 채용(신입/경력),서울강남구신입·경력초대졸↑정규직
https://www.saramin.co.kr/zf_user/jobs/relay/view?isMypage=no&rec_idx=45217821,[(주)투비소프트] 사업총괄본부 디자인 부문 채용(신입/경력),서울강남구경력무관초대졸↑정규직
https://www.saramin.co.kr/zf_user/jobs/relay/view?isMypage=no&rec_idx=45148563,[29CM] 데이터 분석팀 리드,서울성동구경력7년↑학력무관정규직
https://www.saramin.co.kr/zf_user/jobs/relay/view?isMypage=no&rec_idx=45048737,[경력&신입] 웹/자바 서버 개발자 모집(정규직),서울강남구신입·경력대졸↑정규직
https://www.saramin.co.kr/zf_user/jobs/relay/view?isMypage=no&rec_idx=44507621,SW개발 웹프로그래머(PHP 우대) 정규직 채용,대전전체신입·경력대졸↑정규직
https://www.saramin.co.kr/zf_user/jobs/relay/view?isMypage=no&rec_idx=45379528,해양 ICT 전문기업 (주)GC - 시스템 소프트웨어 개발자 채용,부산연제구신입·경력초대졸↑정규직
https://www.saramin.co.kr/zf_user/jobs/relay/view?isMypage=no&rec_idx=45203690,"[천안, 아산] 노리시스템 신입 / 경력 개발자 모집",충남아산시신입·경력초대졸↑정규직·프리랜서
https://www.saramin.co.kr/zf_user/jobs/relay/view?isMypage=no&rec_idx=45206710,[덴티움] 모바일뷰어 S/W개발자 모집,경기수원시영통구신입·경력대졸↑정규직
https://www.saramin.co.kr/zf_user/jobs/relay/view?isMypage=no&rec_idx=45173092,[NFT Metaverse Dept.] Data Engineer (2년 ~ 8년),서울서초구경력2~8년학력무관정규직
https://www.saramin.co.kr/zf_user/jobs/relay/view?isMypage=no&rec_idx=45160451,Environment (Vegetation) Artist [Black Budget],유럽네덜란드경력무관학력무관
https://www.saramin.co.kr/zf_user/jobs/relay/view?isMypage=no&rec_idx=45148397,[29CM] Sr. Product Designer,서울성동구경력7년↑학력무관정규직
https://www.saramin.co.kr/zf_user/jobs/relay/view?isMypage=no&rec_idx=45190728,웹 서비스 프론트엔드 정규직 채용,대전유성구경력무관학력무관정규직
https://www.saramin.co.kr/zf_user/jobs/relay/view?isMypage=no&rec_idx=45307637,[성수/자율출근/코스피상장] 웹툰회사 백엔드 개발자 채용,서울성동구경력7~15년학력무관정규직
https://www.saramin.co.kr/zf_user/jobs/relay/view?isMypage=no&rec_idx=45239812,[AI음성기술전문기업] 웹개발자 채용(신입/경력/장애인),서울강남구경력무관초대졸↑정규직·인턴직
https://www.saramin.co.kr/zf_user/jobs/relay/view?isMypage=no&rec_idx=45300278,[캐시워크] 백엔드/서버 개발자,서울강남구경력3년↑고졸↑정규직
https://www.saramin.co.kr/zf_user/jobs/relay/view?isMypage=no&rec_idx=45379469,해양 ICT 전문기업 (주)GC 소프트웨어개발자 채용,부산연제구신입·경력대졸↑정규직
https://www.saramin.co.kr/zf_user/jobs/relay/view?isMypage=no&rec_idx=45322321,"㈜지씨 웹프로그램 개발(PL, 개발, 분석, DBA, 디자이너) 모집",인천연수구경력1년↑학력무관정규직
https://www.saramin.co.kr/zf_user/jobs/relay/view?isMypage=no&rec_idx=45144761,[29CM] 프론트엔드 시니어 개발자,서울성동구경력5년↑학력무관정규직
https://www.saramin.co.kr/zf_user/jobs/relay/view?isMypage=no&rec_idx=45145327,[GS ITM] 전사 사업부문 IT엔지니어_JAVA 개발자,서울전체경력3~15년학력무관정규직
https://www.saramin.co.kr/zf_user/jobs/relay/view?isMypage=no&rec_idx=42362419,[GS ITM] IT엔지니어_JAVA개발자(SI),서울전체경력3~15년학력무관정규직
https://www.saramin.co.kr/zf_user/jobs/relay/view?isMypage=no&rec_idx=45217859,"[(주)투비소프트] 영업, 마케팅, 연구지원 부문 채용(신입/경력)",서울강남구경력무관고졸↑정규직
https://www.saramin.co.kr/zf_user/jobs/relay/view?isMypage=no&rec_idx=45195057,[nProtect] 백엔드/프론트엔드 개발자 모집,서울강서구경력1년↑초대졸↑정규직
https://www.saramin.co.kr/zf_user/jobs/relay/view?isMypage=no&rec_idx=45368000,[프리랜서] .NET 개발자 (발산역),서울강서구경력4년↑학력무관프리랜서
https://www.saramin.co.kr/zf_user/jobs/relay/view?isMypage=no&rec_idx=45135274,[(주)투비소프트] 사업지원팀 채용 (신입/경력),서울강남구신입·경력학력무관정규직
https://www.saramin.co.kr/zf_user/jobs/relay/view?isMypage=no&rec_idx=45169998,Senior Software Engineer,미국뉴욕경력10년↑학력무관정규직
https://www.saramin.co.kr/zf_user/jobs/relay/view?isMypage=no&rec_idx=40897924,[GS ITM] GS리테일 상시개발 및 운영인력 모집,서울전체경력3~10년학력무관정규직
https://www.saramin.co.kr/zf_user/jobs/relay/view?isMypage=no&rec_idx=45146230,[한진정보통신] 대한항공 홈페이지 Back-end 개발자 모집,서울강서구경력3~9년대졸↑정규직
https://www.saramin.co.kr/zf_user/jobs/relay/view?isMypage=no&rec_idx=45015662,SI사업 개발자 경력사원 모집,서울종로구경력학력무관정규직
https://www.saramin.co.kr/zf_user/jobs/relay/view?isMypage=no&rec_idx=45216484,[(주)투비소프트] 연구소 각 부문 채용(신입/경력),서울강남구경력무관초대졸↑정규직
https://www.saramin.co.kr/zf_user/jobs/relay/view?isMypage=no&rec_idx=45312946,개발직 전문연구요원(병역특례) 채용 - JAVA 개발,서울강서구경력무관석사↑정규직·전문연구요원
https://www.saramin.co.kr/zf_user/jobs/relay/view?isMypage=no&rec_idx=45245534,[물류시스템연구소] 항만물류시스템 S/W 개발자,"부산해운대구경력무관초대졸↑정규직2,800이상(면접후협의)"
https://www.saramin.co.kr/zf_user/jobs/relay/view?isMypage=no&rec_idx=45381662,[송파구/연7500만] 프론트엔드(React/Next.js/Typescript),"서울송파구경력4년↑대졸↑정규직7,000만원"
https://www.saramin.co.kr/zf_user/jobs/relay/view?isMypage=no&rec_idx=45314699,Node.js 개발자를 찾습니다. (경력),서울강남구경력1년↑대졸↑정규직
https://www.saramin.co.kr/zf_user/jobs/relay/view?isMypage=no&rec_idx=45379660,2023년 상반기 수시채용 (신입/경력),서울강남구경력무관학력무관정규직
https://www.saramin.co.kr/zf_user/jobs/relay/view?isMypage=no&rec_idx=44993975,"[경력] 웹개발(java, react, node.js) 정규직 채용",서울금천구경력7년↑학력무관정규직
https://www.saramin.co.kr/zf_user/jobs/relay/view?isMypage=no&rec_idx=45328590,Node.js 개발자 모집,서울금천구경력1년↑학력무관정규직
https://www.saramin.co.kr/zf_user/jobs/relay/view?isMypage=no&rec_idx=45151430,도미노피자 각 부문 (자회사/관계사포함) 공개채용,서울강남구경력무관학력무관정규직
https://www.saramin.co.kr/zf_user/jobs/relay/view?isMypage=no&rec_idx=45275331,Node.js 백엔드 개발자 채용,서울전체경력4~20년대졸↑정규직
https://www.saramin.co.kr/zf_user/jobs/relay/view?isMypage=no&rec_idx=45208750,"IT부문별 채용(웹/설비/그룹웨어 개발,MS담당자,클라우드 영업)",서울서초구경력대졸↑정규직
https://www.saramin.co.kr/zf_user/jobs/relay/view?isMypage=no&rec_idx=45158539,Digital Medical Scientific Liason,북·중미멕시코경력1년↑대졸↑
https://www.saramin.co.kr/zf_user/jobs/relay/view?isMypage=no&rec_idx=45245521,[코스닥 상장사] 웹 프론트엔드 개발자 채용,서울송파구경력무관학력무관정규직
https://www.saramin.co.kr/zf_user/jobs/relay/view?isMypage=no&rec_idx=44948146,2023년 상반기 각 부문 신입/경력 상시 채용,서울서초구신입·경력대졸↑정규직
https://www.saramin.co.kr/zf_user/jobs/relay/view?isMypage=no&rec_idx=45376654,연구개발/전문연구요원/품질/구매 각 직무별 신입및 경력채용,경기용인시기흥구신입·경력대졸↑정규직·전문연구요원
https://www.saramin.co.kr/zf_user/jobs/relay/view?isMypage=no&rec_idx=45238037,2023년 각 부문별 신입/경력 채용,경기안양시동안구경력무관고졸↑정규직
https://www.saramin.co.kr/zf_user/jobs/relay/view?isMypage=no&rec_idx=45368465,Node.js 백엔드 웹개발자 (Node.js Backend Web Developer) 모집,부산금정구경력2~10년학력무관정규직
https://www.saramin.co.kr/zf_user/jobs/relay/view?isMypage=no&rec_idx=45253296,"2배씩 성장, 업계 최대 대우(PD·작가·AE·디자이너·경영지원)","서울강남구경력무관학력무관정규직3,750만원"
https://www.saramin.co.kr/zf_user/jobs/relay/view?isMypage=no&rec_idx=45239690,이카운트 상반기 웹 경력개발자 채용,서울구로구경력2년↑학력무관정규직
https://www.saramin.co.kr/zf_user/jobs/relay/view?isMypage=no&rec_idx=45341442,[직영] DYB최선어학원 각 부문 STAFF 모집,서울강남구신입·경력대졸↑정규직
https://www.saramin.co.kr/zf_user/jobs/relay/view?isMypage=no&rec_idx=45314482,㈜ 아이디스 2023년 2분기 집중채용,경기성남시분당구신입·경력대졸↑정규직
https://www.saramin.co.kr/zf_user/jobs/relay/view?isMypage=no&rec_idx=44984096,[SK시그넷] 각 부문 별 신입/경력직 모집,서울영등포구신입·경력고졸↑정규직·계약직
https://www.saramin.co.kr/zf_user/jobs/relay/view?isMypage=no&rec_idx=42912594,각 분야 채용공고,서울용산구신입·경력학력무관정규직
https://www.saramin.co.kr/zf_user/jobs/relay/view?isMypage=no&rec_idx=45316943,㈜마크로젠 각 부문 신입/경력 직원채용,서울강남구신입·경력대졸↑정규직·병역특례
https://www.saramin.co.kr/zf_user/jobs/relay/view?isMypage=no&rec_idx=43386804,[BackEnd] Node.js 개발자,서울전체경력2~20년고졸↑정규직
https://www.saramin.co.kr/zf_user/jobs/relay/view?isMypage=no&rec_idx=45298885,[하나금융그룹 자회사] 경력직 수시 채용,서울중구경력학력무관정규직·계약직
https://www.saramin.co.kr/zf_user/jobs/relay/view?isMypage=no&rec_idx=45367473,[코스닥상장사] AI센터팀 개발/운영/유지 및 총무 직원 채용,대전유성구신입·경력대졸↑정규직
https://www.saramin.co.kr/zf_user/jobs/relay/view?isMypage=no&rec_idx=45093461,2023 스노우피크코리아 상반기 신입/경력사원 공개채용,서울양천구신입·경력초대졸↑정규직
https://www.saramin.co.kr/zf_user/jobs/relay/view?isMypage=no&rec_idx=45365987,[서울대병원 1호 스타트업] 2023 상반기 대규모 인재채용,서울종로구신입·경력학력무관정규직·전문연구요원
https://www.saramin.co.kr/zf_user/jobs/relay/view?isMypage=no&rec_idx=45297807,[비즈하우스] Jr. 백엔드 개발자 - 커머스,서울전체신입·경력대졸↑정규직
https://www.saramin.co.kr/zf_user/jobs/relay/view?isMypage=no&rec_idx=45378647,"[양재역] 백엔드(Node.js,React,SQL)",서울서초구경력5년↑초대졸↑정규직
https://www.saramin.co.kr/zf_user/jobs/relay/view?isMypage=no&rec_idx=45277931,[성수동] Node.js Devops 개발자,서울성동구경력3~7년학력무관정규직
https://www.saramin.co.kr/zf_user/jobs/relay/view?isMypage=no&rec_idx=45354413,[신입/경력] Full Stack Developer,경기성남시분당구신입·경력대졸↑정규직
https://www.saramin.co.kr/zf_user/jobs/relay/view?isMypage=no&rec_idx=45139012,[윌로그] 백엔드  Node.js 개발자 (Back-end  Node.js Developer,서울강남구경력3년↑학력무관정규직
https://www.saramin.co.kr/zf_user/jobs/relay/view?isMypage=no&rec_idx=45308223,㈜셀트리온 2023년 1차 신입/경력 수시채용,인천연수구경력무관대졸↑정규직
https://www.saramin.co.kr/zf_user/jobs/relay/view?isMypage=no&rec_idx=45337783,[푸드테크 스타트업] Node.js 백엔드 개발자,서울강남구경력3~11년대졸↑정규직
https://www.saramin.co.kr/zf_user/jobs/relay/view?isMypage=no&rec_idx=45321370,[스냅태그] 백엔드(Node.js) 개발자 모집(5년이상 경력자),경기성남시분당구신입·경력초대졸↑정규직
https://www.saramin.co.kr/zf_user/jobs/relay/view?isMypage=no&rec_idx=45286287,이카운트 상반기 신입 개발자 대규모 채용,"서울구로구신입학력무관정규직4,750만원"
https://www.saramin.co.kr/zf_user/jobs/relay/view?isMypage=no&rec_idx=45261330,솔로몬텍 본사/해외 분야별 IT인재 채용,서울영등포구신입·경력학력무관정규직·계약직
https://www.saramin.co.kr/zf_user/jobs/relay/view?isMypage=no&rec_idx=45275772,[블라블라ENM] 각 부문 신입 및 경력 모집,서울강남구신입·경력학력무관정규직
https://www.saramin.co.kr/zf_user/jobs/relay/view?isMypage=no&rec_idx=45336204,(경력) 백엔드 S/W 엔지니어 모집 (Node.js),경기부천시경력학력무관정규직
https://www.saramin.co.kr/zf_user/jobs/relay/view?isMypage=no&rec_idx=45350062,[엠펀치] Node.js 서버 개발자 채용,서울마포구경력2년↑학력무관정규직
https://www.saramin.co.kr/zf_user/jobs/relay/view?isMypage=no&rec_idx=43299854,Node.js Express 백엔드 개발자 (3~5년),서울전체경력3~5년초대졸↑정규직
https://www.saramin.co.kr/zf_user/jobs/relay/view?isMypage=no&rec_idx=45236876,node.js 웹개발 경력직 채용,서울종로구경력3년↑초대졸↑정규직
